ean,product,is_food_corner,type_food_or_bev_or_other
8445291231214.0,Lion White Nadziewany wafel z karmelem i płatkami pszennymi w białej polewie 60 g (2 x 30 g),,
5060166692483.0,Monster Energy Gazowany napój energetyczny 500 ml,,
4008400553023.0,Kinder Maxi King Wafel z mlecznym i karmelowym nadzieniem pokryty czekoladą i orzechami 35 g,,
5901939103075.0,Piątnica Skyr jogurt pitny typu islandzkiego wanilia 330 ml,,
5905567596018.0,MALU FOOD Ciastka buźka bez cukru bezglutenowe 100 g 5905567596018,,
5900197000317.0,Bakoma Kremowy jogurt kokosowo-migdałowy 140 g,,
59085300.0,ŁOWICZ Produkt owocowy malina 25 g 59085300,,
40145990.0,Zott Monte Deser 150 g,,
4056489216223.0,Serek High Protein Malina Milbona 200g,,
5908260254339.0,"Oshee Wiedźmin Isotonic Elixir Napój izotoniczny niegazowany o smaku bzu i agrestu 0,75 l",,
5449000014535.0,"Napój Sprite 330ML 0,33L puszka",,
5905669732017.0,LÓD W KOSTKACH 1 KG,,
59073499.0,Wkłady tytoniowe TEREA RUSSET do użytku z urządzen,,
5900783003968.0,Pudliszki Koncentrat pomidorowy 90 g,,
20040871.0,ciastko truskawkowe,,
42069942.0,Orbit White Freshmint Guma do żucia bez cukru 14 g (10 sztuk),,
5000507039829.0,Przetarte ananas kokos hortex 300ml,,
7613287252425.0,Garden Gourmet Wegański produkt na bazie białka sojowego i pszennego 175 g,,
5908260253790.0,Oshee Vitamin Water Napój niegazowany o smaku czerwonych winogron-dragonfruit 555 ml,,
5903317641674.0,Slonce Wow Strange Orange Smoothie 330 ml,,
54490703.0,Coca-Cola - Napój gazowany o smaku cola 330ml,,
4009900546775.0,Orbit Strawberry Bezcukrowa guma do żucia 29 g (21 sztuk),,
5901583408557.0,Mała Czarna Barista kawa rozpuszczalna 200g,,
5907029008367.0,Beskidzkie Paluchy o smaku sera i cebulki 100 g,,
20010393.0,banan luz,,
4820163120041.0,"Wódka Morosha Spring 40% 0,2L",,
5905187120013.0,Lorenz - Chrpki Curly Mexican Style 120g,,
5901359412030.0,Dębowe Dojrzałe Mocne Piwo jasne 500 ml,,
5900617013101.0,Sante Go On Protein Baton o smaku waniliowym w czekoladzie deserowej 50 g,,
5997347540472.0,MOGYI  Crasssh bit - słonecznik w skorupce o smaku cebulki ze śmietanką 0.07 kg (70g),,
5900571103191.0,Felix Orzeszki ziemne lekko solone 220 g,,
5900571100312.0,Felix Orzeszki z pieca z solą 220 g,,
5900259099396.0,LAYS Chipsy Fromage,,
5900191018363.0,Wyborowa Wybo Fizzy Drink Orange Gazowany napój alkoholowy 250 ml ,,
5449000275547.0,Napój cytrynowo-limonkowy Sprite 850ml,,
5905187109025.0,Wiejskie Ziemniaczki Chipsy ziemniaczane cebulka 130 g,,
5901882111301.0,Vifon Zupa błyskawiczna o smaku kurczaka złoty 60 g,,
5900259127600.0,Lay's Chipsy ziemniaczane solone 130 g,,
5900567017181.0,Krakus Kiełbasa krakowska sucha z szynki 80 g (2 x 40 g),,
4820260892070.0,E-Papieros Crystal Lush Ice Salt 20mg 600 Puff,,
5903978396357.0,Primavera Woda źródlana niegazowana 1 l,,
20100056.0,hot dog,,
5905927001114.0,"PIWO PERŁA CHMIELOWA 0,5L but.",,
20030018.0,reklamówka,,
59072454.0,Papierosy WINSTON slim superline GREEN,,
8594040447274.0,"WINO COLLECTION MORAVIA MULLER THURGAU B/WYT 0,75L",,
5901478004901.0,Velvet Chusteczki uniwersalne 3 warstwy 56 sztuk,,
5905927001619.0,"PIWO PERŁA CHMIELOWA  0,5L Perła Browary Lubelskie 500ml",,
5900552085805.0,4Move Napój izotoniczny niegazowany o smaku wiśniowym 750 ml,,
5900699000983.0,EB Piwo jasne pełne 4 x 500 ml ,,
5900535015669.0,Romper Piwo 500 ml Strong 6% Mocne,,
14141997.0,Sałatka Cezar z pieczonym kurczakiem dobra karma 190g,,
5900497600507.0,"Lipton IceTea napój cytr 0,5l PET",,
8586015136399.0,Bagietka BBQ STRIPS Tomcio Paluch 250g,,
5900541011129.0,"Żywiec Zdrój Napój niegazowany jabłkowy smak 1,2 l",,
7613038635651.0,"Nałęczowianka Naturalna woda mineralna niegazowana 1,5 l",,
5900552021865.0,Black Energy Zero Sugar Gazowany napój energetyzujący bez cukru 250 ml,,
5901750990014.0,Goldmak Makaron krajanka jajeczna Szefa 250 g ,,
5902451106056.0,KRESTO Chipsy jabłkowe ze świeżych jabłek 40 g,,
5903621960027.0,Marlboro Gold,,
4009900484633.0,Winterfresh - Guma do żucia bez cukru 58g,,
59072423.0,Papierosy WINSTON BLUE 100s,,
1014608990358.0,Donut worry be happy  Pączki mrożone z nadzieniem owocowym 10szt. 0.25 kg (250g),,
5907814662200.0,BIO PLANET  Soczewica czarna beluga BIO 0.4 kg (400g),,
5902620233729.0,"Schulstad Bułka pszenna w stylu chalki do przygotowywania hamburgerów 2,55 kg (30 x 85 g) ",,
4014500521695.0,Zott Jogobella Jogurt jagoda 150 g ,,
5908230536113.0,Tarczyński Kiełbasa krakowska 320 g ,,
8586020100064.0,Kanapka Cezar – Tomcio Paluch 205g,,
5903621200154.0,Papierosy L&M FIRST CUT RED 100s,,
5907589849653.0,Kost Zapalniczka piezoelektryczna ,,
4744131015330.0,Aquaphor - Dzbanek z wkładem filtrujacycm AQUAPHOR KOMPAKT B25  sztuka,,
59034476.0,Soplica szlachetna Wódka 100 ml ,,
5900877000248.0,Żubr Piwo jasne 500 ml,,
5000267126340.0,"WHISKY JOHNNIE WALKER RED 0,7L",,
5902180470336.0,Sonko Wafle ryżowe w czekoladzie mlecznej 65 g (4 sztuki),,
5902121029388.0,LODY GRAND 120ML MIX III X30 - KORAL,,
5900951028502.0,Twix 2 pack baton 75g,,
5902565210175.0,Cocoa Migdały w czekoladzie vegemilk BIO 70g,,
5900334008206.0,Tiger Classic Gazowany napój energetyzujący 250 ml,,
5449000000439.0,"Coca-Cola Napój gazowany 1,5 l",,
5900259133311.0,Lay's Chipsy ziemniaczane o smaku papryki 130 g,,
5905187114692.0,Crunchips X-Cut Chipsy ziemniaczane solony 140 g,,
5900471015686.0,Soplica cytrynówka Likier 200 ml ,,
5900334027757.0,Tymbark Napój jabłko jagoda 500 ml ,,
5902573010408.0,"ŻOŁĄDKOWA GORZKA Z MIĘTĄ 0,2L 28%",,
59006770.0,Papierosy WINSTON CLASSIC RED,,
5902573004254.0,"WÓDKA CZYSTA DE LUXE 0,200L 40%",,
5901559130000.0,Żywiec Piwo jasne 500 ml,,
5901204015935.0,DROSED Podlaski Pasztet z czosnkiem 130 g 5901204015935,,
5449000001085.0,"NAPÓJ NESTEA ICE TEA SŁONECZNA WIŚNIA 0,5L",,
8697288521130.0,BEYOGLU wafelek DUBAI duo gofret 36g,,
5449000275639.0,Cappy Lemonade Napój niegazowany smak cytryny 400 ml ,,
3057068056781.0,Filtry papierosowe OCB Slim A 150 szt.,,
5900552041429.0,Black Energy Sex Energy Gazowany napój energetyzujący 250 ml,,
5900552032373.0,Black Energy Mojito Gazowany napój energetyzujący 250 ml,,
5900699110149.0,Żywiec Bezalkoholowy napój piwny porzeczkaż & nuta rozmarynu 500 ml ,,
5901359144832.0,Lech Free Piwo bezalkoholowe o smaku jeżyny i wiśni 500 ml ,,
7622300784751.0,Milka Cake & Choc Ciastka biszkoptowe z kawałkami czekolady mlecznej 175 g (5 x 35 g),,
59073260.0,Wkłady tytoniowe HEETS sienna selection do elektro,,
5903621011231.0,Papierosy L&M FIRST CUT RED,,
5902176738655.0,"Napój Dzik Energy Zero 500ml 0,5L WK Dzik",,
5900497610506.0,"Lipton IceTea napój brzos. 0,5l PET",,
5900014004184.0,"PIWO CARLSBERG 0,5L puszka",,
59072256.0,Papierosy LD GREEN,,
8711200470563.0,Knorr Sos sałatkowy balsamiczny z ziołami 11 g,,
5900643052174.0,Fantasia Jogurt kremowy z mieszanką Mars 104 g ,,
54491472.0,Coca-Cola Napój gazowany 500 ml,,
9002490267957.0,Red Bull Napój energetyczny 250 ml ,,
5903621212652.0,Papierosy MARLBORO SELECTO BRIGHT,,
90424090.0,RedBull 250ml,,
5900471015761.0,"Soplica pigwowa Likier 0,2 l ",,
1941559953531.0,"PIWO ŻYWIEC BIAŁE 0,5L but.",,
5903191030106.0,Winston Black,,
5902573502835.0,"Żołądkowa wódka 0,5l",,
5900490000427.0,Lech Premium Piwo jasne 500 ml,,
5903978396548.0,"Primavera Woda źródlana niegazowana 1,5 l",,
50173822.0,Orbit Spearmint Guma do żucia bez cukru 14 g (10 sztuk),,
5900541001069.0,Żywiec Zdrój Niegazowany Woda źródlana 700 ml,,
5900259127778.0,Lay's Max Strong Chipsy ziemniaczane karbowane o smaku ostrego chilli i limonki 120 g,,
528454166382.0,Bsgietka kebab Tomcio Paluch 215g,,
5903621652700.0,Fiit Regular wkład,,
5039023050117.0,"Pepsi Napój gazowany o smaku cola 0,85 l ",,
5900820006945.0,Łaciaty Jogurt pitny jeżyna malina bez laktozy 250 ml,,
8586020103553.0,Trójkąt szynka Tomcio paluch,,
5908230528088.0,Tarczyński Kabanosy Exclusive drobiowe z wieprzowiną 90 g ,,
40084725.0,Kinder Mleczna Kanapka Biszkopt z mlecznym nadzieniem 28 g,,
5900497311502.0,"Pepsi-Cola Napój gazowany o smaku cola 1,5 l",,
5902379512830.0,Ciastka peanut butter Bonitki,,
5900699104308.0,Warka Radler Piwo bezalkoholowe z lemoniadą o smaku ananasa z cytrusami 500 ml ,,
59073444.0,Wkłady tytoniowe TEREA AMBER do użytku z urządzeni,,
20040338.0,kajzerka,,
7622210309792.0,Prince Polo XXL Classic Kruchy wafelek z kremem kakaowym oblany czekoladą 50 g,,
80824107.0,Kinder Jajko Creamy Milky Crunchy 19g,,
5060947540620.0,MONSTER Juiced Aussie Lemonade Gazowany napój energetyczny 500 ml,,
5904031091424.0,Baton karmelowy z orzechami arachidowymi w mlecznej czekoladzie Łużyckie praliny 50g,,
5900154000046.0,Chaber Pieczywo chrupkie żytnie 100 g 5900154000046,,
5908260257385.0,Oshee Vitamin Original Classic Gazowany napój energetyzujący 250 ml,,
5900541000383.0,Żywiec Zdrój z Nutą. Napój niegazowany o smaku truskawki 500ml,,
8682790003038.0,Chupa Chups Fruit Mix Guma balonowa o smaku owocowym ze sproszkowanych nadzieniem 80 g ,,
59032328.0,E. Wedel Pawełek Batonik o smaku advocaat 45 g,,
59097068.0,E. Wedel Bajeczny Crunchy karmel Baton orzechowy 40 g,,
5901359014951.0,"Tyskie Gronie, Plato 11,4",,
5900552084716.0,NAPOJ BLACK ENERGY TROPICAL ZERO SUGAR 500ML PUSZKA,,
5900259133366.0,Lay's Oven Baked Pieczone formowane chipsy ziemniaczane o smaku grillowanej papryki 110 g,,
5996379357379.0,Haribo Złote Misie Żelki owocowe 85 g,,
5449000034519.0,Coca-Cola Napój gazowany 850 ml,,
5900497280501.0,Mountain Dew Napój gazowany 500 ml,,
3800020423578.0,KitKat Chunky Paluszek waflowy w mlecznej czekoladzie 40 g,,
3920732000017.0,"Żywiec Zdrój - woda źródlana - mocny gaz Żywiec-Zdrój S.A. 1,5l",,
5900552087434.0,NAPOJ FRUGO ORANZADA CZERWONA 500ML GAZ PUSZKA,,
5900259127624.0,Oven baked Grilled Paprika Lay's 110g,,
5900014004245.0,Harnaś Piwo jasne pełne 500 ml,,
5905927000407.0,"PIWO ZWIERZYNIEC PILS 0,5L but.bezzwrotna",,
5410228309079.0,"PIWO CORONA EXTRA 0,33L BUT.BZW.",,
5053990161669.0,Pringles Paprika Chrupki 165 g,,
5900490000182.0,Lech Premium Piwo jasne 500 ml,,
5901359094274.0,Książęce IPA Piwo jasne 500 ml,,
59072393.0,Papierosy WINSTON RED,,
20040468.0,bagietka z  maślanką,,
5900014003859.0,Okocim Mix piwa bezalkoholowego z lemoniadą granat z maliną 500 ml,,
5900334001047.0,Tymbark Owoce Świata Napój wieloowocowy kaktus 1 l,,
5900334006240.0,Tymbark Napój brzoskwinia pomarańcza 2 l,,
5900130032122.0,Nestea Lody wodne o smaku herbaty cytrynowej 99 ml ,,
5900014005105.0,Žatecký Piwo bezalkoholowe 500 ml,,
5900497330503.0,"Mirinda Napój gazowany o smaku pomarańczy 0,5 l",,
5900497300506.0,Pepsi-Cola Zero cukru Napój gazowany o smaku cola 500 ml,,
8410762861160.0,"Donatello Pizza Capriciosa (szynka, pieczarki i ser Mozzarella) 400g",,
59097327.0,Wkłady tytoniowe DELIA DARK GREEN do użytku z urzą,,
5900497030212.0,Pepsi-Cola Napój gazowany o smaku cola 330 ml,,
4770047233698.0,DRINK MIX VODKA& WATERMELON 4% 330ML BUT.BEZZWR.,,
5903242320637.0,EAT ME! Kotlet drobiowy z puree i marchewką z groszkiem 400 g 5903242320637,,
5901549989144.0,EAT ME!  Kotlet mielony z pureee i buraczkami 0.4 kg (400g),,
5907778535176.0,GRZEŚKOWIAK Chłodnik ze świeżych ogóreczków 250 g 5907778535176,,
5900471007834.0,"Żubrówka B.wódka0,1l",,
8586020103478.0,Kanapka Trojkat Tomcio Paluch 210g,,
8576029104101.0,Kanapka trojkont jajko bekon Tomcio Paluch 200g,,
5902573011207.0,"LUBELSKA WIŚNIÓWKA 0,09L 28%",,
5908230511141.0,Tarczyński Parówki premium z szynki 220 g (2 x 110 g),,
5900820000257.0,Łaciate Masło ekstra 200 g,,
5901915002057.0,GOUDA SER PLASTRY 150G (97) - .Nab* Kosow,,
5900820022099.0,Łaciata Śmietanka pasteryzowana 30 % 200 ml,,
9772300570000.0,MIESIĘCZNIK CAŁA TY,,
5906207380073.0,Président Ser Camembert zielony pieprz 120 g,,
5903837455546.0,"W.Legutko - Papryka Rewia 0,3g",,
5901559840008.0,Tatra Piwo jasne pełne 500 ml,,
5900446013006.0,"WODA LAZUR ZRODLANA NGAZ 1,5L PET",,
5900541010368.0,"Żywiec Zdrój Naturals Napój niegazowany z delikatną nutą limonki i mięty 1,2 l",,
20090050.0,drożdżówka,,
5901939010014.0,Piątnica Śmietana 12% 200 g,,
5900552000440.0,Gellwe Cukier wanilinowy 16 g ,,
40084794.0,Kinder Mleczna Kanapka Biszkopt z mlecznym nadzieniem 5 x 28 g,,
8719200264977.0,Rama Classic Tłuszcz do smarowania 225 g,,
4008400224022.0,Kinder Chocolate Maxi Batonik z mlecznej czekolady z nadzieniem mlecznym 42 g (2 x 21 g),,
8586020103768.0,"Kanapka z pastą jajeczną, jajkiem, sosem pieprzowym i porem Tomcio Paluch 200g",,
5900344035278.0,Lisner Pastella Pasta z łososia ze szczypiorkiem 80 g,,
5900344018387.0,Lisner Pastella Pasta jajeczna z chrzanem i rzeżuchą 80 g ,,
59075844.0,Saszetki nikotynowe VELO Crispy Pepper Original 10mg,,
5999096426632.0,Saszetki nikotynowe VELO Might Peppermint Intense,,
59072461.0,Papierosy WINSTON BLUE superslim,,
5900699103530.0,Desperados Mojito Piwo aromatyzowane 400 ml,,
5901559950073.0,Desperados Original Piwo aromatyzowane 400 ml,,
3086123644915.0,BIC Soleil Click 3 Sensitive 3-ostrzowe wkłady do maszynki do golenia 4 sztuki ,,
5908241713749.0,Tropical Essence Wkład do odświeżacza powietrza 250 ml,,
5900014003590.0,Seth & Riley's Garage Hardcore Mix piwa i napoju o smaku derenia i toniku 400 ml ,,
5900014230347.0,Seth & Riley's Garage Hardcore Piwo aromatyzowane o smaku jagodowo-jeżynowym 400 ml ,,
5905999152134.0,NAPOJ DRIFT IZOTONICZNY O SM.WIELOOWOCOWYM 750ML PET,,
5900951015830.0,Pedigree Adult Mokra karma dla dorosłych psów z mieszanką wołowiny i wątróbki w galaretce 400 g,,
59072430.0,Papierosy WINSTON GREEN,,
5905172646931.0,Nietytoniowe wkłady VEO SUNSET CLICK,,
4085800005130.0,Müller Müllermilch Protein Napój mleczny 400 g,,
5900552073536.0,Gellwe Słodki Kubek Kisiel z kawałkami owoców smak mango 28 g,,
5902180480335.0,Sonko Wafle ryżowe w czekoladzie 65 g (4 sztuki),,
59072362.0,Papierosy LD GREEN superslim,,
5903621191223.0,Papierosy L&M FIRST CUT,,
59063803.0,Papierosy PALL MALL LONGS BLUE superslim,,
5905927002517.0,"PIWO PERŁA EXPORT 0,5L puszka",,
5900446013020.0,"WODA LAZUR ZRODLANA GAZ 1,5L PET",,
5908260253431.0,Oshee Vitamin Black Tea Zero Niegazowany napój herbaciany o smaku brzoskwiniowym 555 ml,,
5908308902826.0,Wołowiner Żabka,,
5449000017376.0,"NAPÓJ NESTEA ICE TEA CYTRYNOWA 1,5L",,
5901067409186.0,Tarczyn Nektar pomarańcza 300 ml,,
5901713022622.0,Dawtona Sok ze słodkich buraków z cytryną 300 ml,,
5903621642251.0,Fiit Alpine wkład,,
3800011412482.0,"WINO BRASCO SWEET RED WINE C/S 11%  0,75L",,
5903621900917.0,TEREA AMBER wkład,,
5900699109020.0,Żywiec Piwo pszeniczne białe 330 ml ,,
5900552086758.0,Black Energy Zero Sugar Original Gazowany napój energetyzujący 500 ml,,
59072171.0,Papierosy CAMEL YELLOW,,
5900699107484.0,Żywiec Pomelonż Bezalkoholowy napój piwny 500 ml ,,
5903621160519.0,Papierosy MARLBORO MICRO GOLD,,
8690562041935.0,CIASTKA MINI OVAL CZEKOLADOWO-WISNIOWE 180g - BAKOMA dystr.,,
5900352002361.0,Jeżyki Classic Herbatniki w czekoladzie mlecznej 140 g,,
5903621191650.0,Papierosy L&M BLUE,,
5906747312107.0,Milka Pieguski Choco Cookies Ciasteczka z kawałkami czekolady mlecznej 135 g,,
5905658902841.0,Papierosy KENT BLUE 100's,,
6972551364723.0,E-PAPIEROS AUPO JEDNORAZOWY POD 800 APPLE,,
5903621221838.0,Papierosy CHESTERFIELD BLUE,,
5900567001746.0,Berlinki Classic Kiełbasa 250 g,,
54490703.0,Coca-Cola Napój gazowany 330 ml,,
8445291034761.0,Princessa Longa Wafel przekładany kremem kokosowym oblany białą polewą 40 g,,
20040642.0,bułka śniadaniowa,,
5900197024528.0,Fala Filety z makreli w oleju 170g,,
90343759.0,Kropla Beskidu Naturalna woda mineralna gazowana 500 ml,,
5903621150534.0,Papierosy L&M FIRST CUT BRIGHT,,
59063865.0,Papierosy ROTHMANS BLUE,,
5907589849349.0,Kost Zapalniczka piezoelektryczna ,,
20040284.0,bułka fitness,,
5902899142241.0,Hochland Ser kremowy ze śmietanką 90 g,,
5900552093527.0,Black Energy Zero Sugar Classic Gazowany napój energetyzujący 500 ml ,,
5900191018127.0,Wyborowa Cytrynówka Likier o smaku cytryny 200 ml,,
59083160.0,Papierosy CAMEL BLUE soft,,
5902180600115.0,Sonko Stay Wild Lekkie wafelki z owsem w mlecznej czekoladzie 36 g (3 sztuki),,
5902180640111.0,Sonko Lekkie wafelki 3 ziarna w mlecznej czekoladzie 36 g (3 sztuki) ,,
5907029010797.0,Beskidzkie Paluszki o smaku sera i cebulki 180 g,,
5900877000293.0,Żubr Piwo jasne 500 ml,,
59072416.0,Papierosy WINSTON RED 100s,,
59072201.0,Papierosy CAMEL BLUE,,
5000112651904.0,"Sprite Napój gazowany o smaku cytrynowo-limonkowym 1,5 l",,
5900343004749.0,"ABSOLWENT CYTRYNÓWKA 0,5L 32%",,
5902899140728.0,Hochland Ser żółty gouda w plastrach 135 g,,
5902573005510.0,"LUBELSKA CYTRYNÓWKA 0,200L 30%",,
5902884406310.0,Neo Scarlet wkład,,
5904310504706.0,CUKIERNIA OLSZA  Croissant malinowy 0.1 kg (100g),,
5900014003873.0,Seth & Riley's Garage Mix piwa i napoju o smaku melona i limonki z dodatkiem rumu 400 ml,,
5900014002418.0,Somersby Napój piwny o smaku jabłkowym 400 ml,,
7622210669315.0,Milka Choco Brownie Ciastka z czekoladą i kawałkami czekolady mlecznej 150 g (6 sztuk),,
9002490207274.0,Red Bull Napój energetyczny 355 ml,,
5900541000017.0,"Żywiec Zdrój Mocny Gaz Woda źródlana 1,5 l",,
5900552063315.0,Gazowany napój energetyzujący o smaku cytrusowym z dodatkiem witamin Black Energy 250ml,,
5900531001031.0,Piątnica Śmietana 18 % 200 g,,
5900085011180.0,Maggi Przyprawa w płynie 200 g,,
5908260251550.0,"Oshee Zero Napój niegazowany o smaku cytrynowym 0,75 l",,
5905187104419.0,Chipsletten Chipsy ziemniaczane fromage ze szczypiorkiem 100 g,,
5905187104372.0,Chipsletten Chipsy ziemniaczane papryka 100 g,,
5900334022325.0,Tiger Classic Gazowany napój energetyzujący 500 ml,,
2010061142517.0,Kuchnia Smaku Musztarda Sarepska Roleski 175g,,
20040000.0,chleb pszenno-żytni,,
5900541009461.0,Żywiec Zdrój Niegazowany Woda źródlana 1 l,,
5901886023310.0,Fortuna Nektar ananasowy 1 l,,
8000500434123.0,Kinder Crispy Chrupiący wafelek z nadzieniem kakaowym i orzechowym 34 g  ,,
5000112651324.0,"Coca-Cola Napój gazowany 1,5 l",,
80052760.0,KINDER Bueno Classic 43G,,
5900699108740.0,Żywiec Porter Piwo ciemne 500 ml,,
4334035112596.0,"Strong piwo 0,5l",,
5907778535169.0,Chłodnik z buraczkami Grześkowiak 250g,,
5903621701798.0,L&M Link Bright,,
5900014004092.0,Karmi Classic Piwo ciemne bezalkoholowe 500 ml ,,
5903824549869.0,E-Papieros jednorazowy ID CORE Cool Arbuz 20mg,,
4030700161110.0,Wkłady tytoniowe iD CAPSULE SUMMER RED,,
5900567015866.0,Morliny Frankfurterki 240 g,,
59072775.0,Tytoń papierosowy WINSTON BLUE 30g,,
5900343001854.0,Żubrówka Biała Wódka czysta 200 ml,,
20040154.0,chleb wieloziarnisty,,
5905658909789.0,Wkład Vuse 20mg - Strawberry Kiwi,,
5905172646962.0,Nietytoniowe wkłady VEO VIOLET CLICK ,,
5900635000015.0,"Nałęczowianka Woda mineralna mocniejszy gaz 1,5 l",,
5900531004018.0,Piątnica Twaróg wiejski półtłusty 250 g,,
5906395431007.0,"Chleb mieszany pszenno-żytni z dodatkiem naturalnego zakwasu żytniego oraz ziaren, krojony. Złoty łan Pano 400 g",,
10660942.0,Orbit Guma do zucia White Freshmint 14g,,
5901520000226.0,"Muszynianka zdrój Naturalna woda mineralna wysokozmineralizowana średnionasycona CO2 0,7 l ",,
59075837.0,Saszetki nikotynowe VELO Icy Berries Original 10mg,,
8001090725769.0,ARIEL KAPSULKI DO PRANIA (72) FOLIA ALL IN ONE PODS KOLOR,,
5903621111665.0,Papierosy MARLBORO GOLD,,
5900471016171.0,"Soplica pigwowa Likier 0,5 l ",,
59063766.0,Papierosy LUCKY STRIKE BLUE 22',,
5901359194714.0,Lech Piwo z napojem o smaku jabłka i trawy cytrynowej 500 ml ,,
4030600227145.0,Papierosy Davidoff EVOLVED BLUE SSL-LINE superslim,,
5902860410829.0,"Schweppes Citrus Mix Napój gazowany 0,85 l",,
4904227000293.0,PIWO ŻUBR 500 ML PUSZKA,,
5900398003926.0,"WÓDKA EXTRA ŻYTNIA 0,100L 40%",,
5905868421804.0,Oshee Vitamin Water Napój gazowany smak cytryna-pomarańcza 500 ml ,,
4820182742866.0,Flint - Sucharki o smaku kraba 70g,,
5901359104812.0,Piwo Lech 0% ArMięt. ,,
5900334006233.0,Tymbark Napój jabłko wiśnia 2 l,,
20411671.0,Filety śledziowe w sosie śmietanowym Nautica 300g,,
10675526.0,Salato Sałatka jarzynowa Lisner 250 g.,,
8720182839084.0,Knorr Gorący Kubek Zupa 4 sery z grzankami 17 g,,
42235729.0,Müller Riso Classic Deser mleczno-ryżowy 200 g,,
5908230516832.0,Tarczyński Kiełbasa śląska 310 g,,
5900471006677.0,Soplica pigwowa Likier 200 ml,,
5905927000889.0,PIWO PERLA BIALA PSZENICZNA 500ML BUT BEZZWROTNA,,
5900049006375.0,Lubella Makaron pióra 400 g,,
5900552057338.0,4Move Napój izotoniczny niegazowany o smaku pomarańczowym 750 ml,,
5901359014463.0,"PIWO TYSKIE KLASYCZNE 4-PAK 0,5L puszka",,
5900398029537.0,"BiałyBocian wódka0,5",,
5900394007553.0,Grześki Mega Wafel przekładany kremem kakaowym w czekoladzie mlecznej 48 g,,
5903621632924.0,TEREA BLUE wkład,,
5015759004709.0,Iron Maiden Trooper Beer metal box black 0.5L (4.7% Vol.),,
5900352015941.0,"Hellena Napój owocowy gazowany tonic 1,25 l",,
5900014230002.0,Somersby Napój piwny o smaku jabłkowym 400 ml ,,
5901687910048.0,Niefiltrowane Mirosław 500ml,,
5900259096746.0,LAYS KARBOWANE,,
5902078003509.0,Cisowianka Perlage Naturalna woda mineralna musująca niskosodowa 700 ml,,
5905143809471.0,PLANEAT  Roślinny Gyros w stylu Greckim 0.18 kg (180g),,
5901359074719.0,Lech Free Piwo bezalkoholowe o smaku limonki i mięty 4 x 500 ml,,
5902573004261.0,ŻOŁĄDKOWA Gorzka Wódka czysta De Luxe 0.5 l (500ml),,
5903538900628.0,"PIWO ŁOMŻA JASNE 500ML 0,5L butelka",,
8710993006478.0,BIBUŁKI BLETKI MASCOTTE SLIM SIZE MAGNETIC,,
4014400936346.0,nimm2 Śmiejżelki Miękkusie Żelki owocowe wzbogacone witaminami 90 g ,,
5901359194981.0,Hardmade Lychee & Aloe Piwo z napojem o smaku liczi i aloesu 400 ml ,,
20100261.0,kotlet de volaille,,
5449000270139.0,FuzeTea - Napój herbaciany o smaku brzoskwini bez cukru 500ml,,
5902573006814.0,"WÓDKA ŻUBR STRONG 37,5 % 0,09L",,
5900437005171.0,Dr. Oetker Guseppe Pizza 4 sery 335 g,,
50985081.0,"Halls Coolwave Cukierki o smaku mentolowo-eukaliptusowym 33,5 g",,
5900552086796.0,NAPOJ BLACK ENERGY APPLE&KIWI+20% SOKU ZERO SUGAR 500ML PUSZ,,
5900552058045.0,Black Energy Mango Gazowany napój energetyzujący 250 ml,,
5900552087113.0,NAPOJ BLACK ENERGY LILA 250ML PUSZKA,,
5900316552239.0,Keto kokos i orzech nerkowca miękkie ciasteczko Frank&oli 50g,,
5902899143873.0,Almette Puszysty serek twarogowy z ziołami bez laktozy 150 g,,
5906730601058.0,Suempol Pan Łosoś Łosoś szlachetny plastrowany 50 g,,
5900196007157.0,Drobimex - Pierś kurczaka pieczona w plastrach 100g,,
5900512110592.0,MLEKOVITA  Ser Salami w plastrach 0.15 kg (150g),,
5900512320335.0,Mlekovita Mleko UHT 2% tłuszczu Wypasione 1 l,,
5900334000286.0,Tymbark Napój jabłko wiśnia 500 ml,,
5060193841687.0,Glenglassaugh Torfa Highland Single Malt Scotch Whisky 700 ml,,
5900343004992.0,"WÓDKA ŻUBRÓWKA ZŁOTA 40% 0,100L",,
5901268004005.0,"Kinga Pienińska Naturalna woda mineralna gazowana niskosodowa 1,5 l",,
85814844.0,Lizak roksowy o smaku owocowym 8 g,,
80800019.0,Tic Tac Drażetki o smaku truskawki 18 g,,
5901067401074.0,"NAPÓJ KUBUŚ 0,4L PLAY ARBUZ",,
5900552072607.0,NAPOJ 4 MOVE IZOT.DRINK MULTIFRUIT 2X750ML PET,,
5900951027307.0,BATON SNICKERS 75G Mars,,
4014500510637.0,Zott Caffreze Cappuccino Napój mleczny 200 ml,,
5907778538900.0,GRZEŚKOWIAK Lunchbox z makaronem i kurczakiem 255 g 5907778538900,,
5906441350986.0,Maxer Napój gazowany o smaku cola 2 l,,
5900541000062.0,Żywiec Zdrój Niegazowany Woda źródlana 500 ml,,
29034659.0,Ciasteczka z wróżbą Sweet & Lucky 12x6g,,
59010135.0,Staropolanka - Woda mineralna lekko gazowana 330ml,,
5905784301631.0,Chleb tostowy maślany 500g,,
5900512999647.0,Mlekovita Ser topiony Gouda w plastrach 130g,,
5900567018232.0,Salami ostródzkie dojrzewające Morliny 50g,,
20040260.0,bułka grahamka,,
5900531004049.0,Piątnica Twaróg wiejski chudy 250 g,,
4009900546805.0,Orbit White Freshmint Bezcukrowa guma do żucia 29 g (21 sztuk),,
5029054651728.0,Huggies starter dla noworodków,,
5904384682676.0,MATE GREEN Zestaw Yerba Mate Green Starter Set 100 g 5904384682676,,
5055107435144.0,Mobil - Olej silnikowy 10W40 Super Mobile 2000 1l,,
5900497020848.0,"NAPÓJ ENERGETYZUJĄCY ROCKSTAR ORANGE 0,25L pusz.",,
5449000011114.0,Coca-Cola Napój gazowany 200 ml,,
5902176738853.0,Napój Dzik Mango Energy WK Dzik 500ml,,
20040598.0,bagietka czosnkowa,,
4744131011875.0,Aquaphor - Uniwersalny wkład filtrujący B25 Maxfor do wody kranowej 2szt. 2sztuki,,
50985098.0,"Halls Extra Strong Cukierki o smaku mentolowo-eukaliptusowym 33,5 g",,
5900385012573.0,Kotlin Ketchup łagodny 450 g,,
8691707062389.0,SOLEN Papita baton karmel 33g,,
4015400763260.0,"Naturella Classic Normal rozmiar 2 Podpaski ze skrzydełkami, × 10",,
5903621242628.0,Papierosy MARLBORO RED 100s,,
2401966000000.0,BAGIETKA 250 g 2401966000000,,
5900820000042.0,"Łaciate Mleko UHT 2,0 % 1 l",,
5900541000079.0,Żywiec Zdrój Mocny Gaz Woda źródlana 500 ml,,
5901588402024.0,E. Wedel WW Mleczna czekolada & krem o smaku jagodzianki 47 g ,,
5903978396555.0,Primavera Woda źródlana niegazowana 500 ml,,
5900864711348.0,Dan Cake Mufinka stracciatella 75 g,,
8001665708074.0,Rana Gnocchi nadziewane szpinakiem i serem mozzarella 280 g ,,
54208824234.0,Spaghetti bolognese Szamam 400g,,
5900741604879.0,Come a Casa Lasagne Bolognese 400 g,,
5900699000099.0,Specjal Jasny Pełny Piwo jasne 500 ml,,
5902403940967.0,"Grappa Ice Napój gazowany 1,5 l",,
5905172646993.0,Nietytoniowe wkłady VEO SCARLET CLICK,,
7610400070577.0,Lindt Excellence Czekolada gorzka z ekstraktem z papryki chili 100 g,,
8710449955565.0,Aviko - Jalapeno przekąska serowa z papryczką 300g,,
5900334010780.0,"Tymbark Napój kompotowy rabarbar porzeczka jabłko 1,25 l",,
5906660176138.0,Chleb Tostowy pszenny 500g,,
20010119.0,kiwi luz,,
5900512990071.0,JOGURT POLSKI TRUSKAWKA 350g - MLEKOVITA*EX,,
5900541005883.0,Żywiec Zdrój Mocny Gaz Woda źródlana 1 l,,
4014500510644.0,Zott Caffreze Latte Macchiato Napój mleczny 200 ml,,
5907443605449.0,BATON FIESTA Z NADZIENIEM ADWOKAT 43G,,
40144450.0,Knoppers Baton orzechowy 40 g,,
5900567012339.0,Krakus Parówki z szynki wieprzowe 200 g,,
5900531000010.0,Piątnica Serek wiejski naturalny 200 g,,
8000570467403.0,Martini Brut Wino wytrawne białe musujące 750 ml,,
5903621132905.0,Tytoń papierosowy CHESTERFIELD RED,,
5906747308964.0,Petitki z mleczna czekolada,,
5900512300108.0,Mlekovita Masło Polskie ekstra 82% tł. 200 g,,
5900951311215.0,Mars Nugatowe nadzienie oblane karmelem i mleczną czekoladą 70 g (2 x 35 g) ,,
5902573011177.0,"LUBELSKA CYTRYNÓWKA 0,09L 28%",,
5902241741696.0,NAPOJ IZOTONICZNY V-MAX O SM.WIELOOWOCOWYM 750 ml MW DOBRY WYBOR PET,,
5907471201330.0,Słonecznik turecki Slonpol 100g,,
5900699109907.0,Warka Classic Piwo jasne 330 ml ,,
20040475.0,bagietka z masłem czosnkowym,,
5901588018003.0,E. Wedel Czekolada mleczna z nadzieniem mlecznym 100 g,,
5900497301503.0,"Pepsi-Cola Zero cukru Napój gazowany o smaku cola 1,5 l",,
5900497019316.0,"Pepsi-Cola Napój gazowany o smaku cola 0,85 l",,
5900497043229.0,Lipton Ice Tea Lemon Napój niegazowany 500 ml,,
5900446016670.0,"WODA LAZUR ZRODLANA GAZ 0,5L PET",,
6408432000614.0,Valio Profeel Pudding wysokobiałkowy o smaku czekoladowym i truskawkowym 180 g ,,
5902180190128.0,Sonko Sooo Rice Milk Baton ryżowy w mlecznej czekoladzie 16 g ,,
5900343013086.0,Absolwent Likier kaktus 90 ml ,,
5900344024265.0,Lisner Pastella Pasta z krewetek 80 g,,
5900552078333.0,Black Double Energy Original Gazowany napój energetyzujący 150 ml,,
5902746640418.0,"PIWO WARKA JASNE PEŁNE 0,65L but.",,
5901939006024.0,koktajl białkowy Piątnica 256g,,
80177609.0,Kinder Chocolate Batonik z mlecznej czekolady z nadzieniem mlecznym 50 g (4 sztuki),,
8710438107562.0,McCain Cheese Pickers Kulki serowe w panierce 1 kg ,,
5901559952503.0,Desperados Red Piwo aromatyzowane 400 ml,,
5900490060308.0,PIWO LECH PREMIUM 330ML 6-PACK BUT BEZZWROTNA,,
5690548867750.0,Lýsi Omega-3 Tran islandzki o smaku cytrynowym 240 ml ,,
5902596834272.0,Z Babcinej spiżarni - Ogórki kiszone premium 380g,,
5900343007146.0,"ŻYTNIÓWKA GORZKA 0,20L 30%",,
5902738903446.0,dega Sałatka jarzynowa a'la domowa 250 g,,
40144641.0,"Mamba Gumy rozpuszczalne o smakach owocowych 26,5 g",,
5900334021953.0,NAPOJ TYMBARK ASEPTIC CYTRYNA MIETA 2L N/GAZ PET,,
5901550909131.0,Muszyna Skarb Życia Naturalna woda mineralna wysokozmineralizowana lekko gazowana 1 l ,,
5900699102199.0,EB Piwo jasne pełne 330 ml ,,
5900334014870.0,Tiger Max Classic Gazowany napój energetyzujący 250 ml,,
5900085010091.0,Winiary Barszcz biały 66 g,,
8720182329868.0,Amino Zupa błyskawiczna kurkowa z prażoną cebulką i szczypiorkiem 61 g,,
8586020104260.0,Bagietka katalonska,,
20010034.0,cytryna luz,,
5900820020125.0,"Łaciate Mleko UHT bez laktozy 1,5 % 1 l",,
4014500509457.0,Zott Zottarella Classic Ser mozzarella 125 g,,
5900259115379.0,Lay's Oven Baked Krakersy wielozbożowe o smaku pomidor z bazylią 80 g,,
20000233.0,pomidor luz,,
5900635001111.0,"Nałęczowianka Naturalna woda mineralna delikatnie gazowana 1,5 l",,
7622210607874.0,Prince Polo XXL Kruchy wafelek kokos 50 g,,
5900699110194.0,Desperados El Santo Piwo aromatyzowane 400 ml ,,
5711953184871.0,Starbucks Caffè Latte Wysokobiałkowy napój na bazie mleka 330 ml ,,
5900334021991.0,Nestea Joy Green Tea Napój owocowo-herbaciany o smaku gruszki i liczi 500 ml ,,
5900497044349.0,"Lipton Ice Tea Peach Napój niegazowany 0,85 l",,
3291810793474.0,Delifrance - Croissant z czekoladą  70g,,
5900820000011.0,"Łaciate Mleko UHT 3,2 % 1 l",,
5900334022486.0,Tymbark Sok 100 % pomarańcza jabłko 200 ml ,,
5902121004163.0,LODY ROZEK 110ml CZEKOLADA NOWY - KORAL,,
4001724037514.0,Dr. Oetker Ristorante Pizza Quattro Formaggi 340 g ,,
5900259130822.0,Lay's Chipsy ziemniaczane o smaku BBQ 130 g ,,
4027800110414.0,Wilkinson Sword Xtreme 3 Sensitive Maszynka do golenia z 3 ostrzami,,
8680861069365.0,"Turbo guma do żucia 4,5 g",,
5905279712751.0,Sushi4You Sushi Noriko 225 g ,,
5900014003552.0,Seth & Riley's Garage Mix piwa i napoju o smaku cytrynowym 400 ml,,
5902451028105.0,KRESTO Nerkowce 100 g,,
4009900412711.0,Airwaves Cool Cassis Bezcukrowa guma do żucia 29 g (21 sztuk),,
9002490100056.0,Red Bull Napój energetyczny 250 ml,,
8714100666920.0,Knorr Nudle Zupa-danie pomidorowe pikantne 63 g,,
5906441330865.0,"Zbyszko Napój owocowy niegazowany 3 jabłko pomarańcza brzoskwinia 1,75 l",,
5902431582764.0,Almusso - Papier toaletowy 3 warstwy torba 40sztuk,,
5904716000871.0,Polmlek Ser Edamski plastry 150 g ,,
7622210078100.0,Milka Oreo Czekolada mleczna 100 g,,
5902057001748.0,Krasnystaw Kefir 420 g,,
5908260258115.0,"Oshee Vitamin Lemonade Napój niegazowany cytryna-sosna 1,1 l",,
5900471015822.0,"Soplica wiśniowa Likier 0,2 l ",,
5201360531936.0,7 Days Cream & Cookies Super Max Rogalik z kremem waniliowym z mlekiem i kawałkami ciastek 110 g,,
5900617047281.0,Go On Vitamin Baton kokosowy z l-karnityną magnezem i witaminami oblany mleczną czekoladą 45 g ,,
5900535023428.0,Łom.jabł.grusz.piwo ,,
5903082205569.0,Kasztelan Piwo jasne niepasteryzowane 500 ml,,
5900343002431.0,"Żubrówka wódka 0,5L",,
2000001801260.0,Dooti Donuts - Donut z nadzieniem truskawkowym  70g,,
8003440902486.0,Chupa Chups Center Shock Hidden Apple Guma do żucia o smaku jabłkowym 100 x 4 g ,,
4820179256895.0,Reeva Zupa błyskawiczna o smaku sera i boczku 62 g,,
5901359194851.0,Lech Free Piwo bezalkoholowe o smaku jabłka i trawy cytrynowej 500 ml ,,
5000112651621.0,"FuzeTea Napój niegazowany o smaku brzoskwiniowym 1,5 l",,
5901359144689.0,Lech Free Piwo bezalkoholowe o smaku kwaśnych cytrusów 500 ml ,,
832697000595.0,Samai Chipsy z dojrzałych bananów 75 g ,,
5905256810029.0,"WODA JURAJSKA 0,5L CYTRYNOWA N/G",,
5711953078811.0,Starbucks Caffè Latte Mleczny napój kawowy 220 ml,,
5901581103843.0,MIESZANKA KWIDZYN WARZYWNA POLSKA 400G PAMAPOL,,
59072232.0,Papierosy LD BLUE superslim,,
5903621011439.0,Papierosy RGD PINK superslim,,
59063780.0,Papierosy PALL MALL BLUE,,
4030600235485.0,Papierosy Davidoff EVOLVED BLUE,,
8700216234245.0,Wkładki higieniczne Discreet Oddychający materiał Multiform Waterlilly ,,
5903621011279.0,Papierosy PARLIAMENT AQUA BLUE,,
5901559951162.0,Heineken Piwo jasne 500 ml,,
5903141068029.0,Rothmans Red 100's,,
5900014004450.0,Somersby Apple Napój piwny o smaku jabłkowym 500 ml,,
5905658902810.0,Papierosy KENT RED 100's,,
5900699109174.0,Desperados Ice Piwo 400 ml ,,
5900014002500.0,Somersby Napój piwny o smaku jeżynowym 400 ml,,
5903141068043.0,Rothmans 100 Blue,,
59075578.0,Wkłady tytoniowe NEO GREEN CLICK,,
5906712831848.0,Sokołów Parówki z szynki 200 g ,,
7622201152000.0,MILKA Ciastka Cookie Sensations Oreo 156 g 7622201152000,,
8711327669819.0,Big Milk Wafelek Lody śmietankowe z sosem truskawkowym i polewą o smaku czekoladowym 170 ml ,,
605069401012.0,Himalaya Organic Ashwagandha - tabletki 60 szt. ,,
59075585.0,Wkłady tytoniowe NEO ICE CLICK,,
5904405402054.0,TORTILOVE  Tortilla wieloziarnista - 25 cm (4 szt.) 0.24 kg (240g),,
5900130041452.0,LODY KAKTUS 45ml WODNE JABLKO - NESTLE,,
5901784167345.0,Berlinki Kabanosy ostry kurczak 85 g ,,
4030700166115.0,Wkłady tytoniowe iD VELVET COPPER TOBACCO,,
5902121002862.0,LODY ROZEK 110ml CYTRYNA - KORAL,,
5901384510466.0,Oyakata Chicken Yakitori Danie instant z sosem i makaronem o smaku grilowanego kurczaka yakitori 93 ,,
5901384502768.0,OYAKATA Danie instant z sosem w stylu japoński kurczak teriyaki 96 g,,
5900552094173.0,Black Boost Easy Classic Gazowany napój 500 ml ,,
5900102029372.0,Wawel Malaga śmietankowa z rodzynkami Czekolada z nadzieniem 160 g ,,
5900497017909.0,"Mountain Dew Napój gazowany 1,5 l",,
5908256845305.0,PANINI Z KURCZAKIEM 205g -MROZONE - GREEN FOX,,
5900334013736.0,NEKTAR TYMBARK 1L CZERWONA POMARAŃCZA,,
5904075001144.0,Agrico Premium Pasztet drobiowy firmowy 130 g ,,
5902020746218.0,NATURALNIE SMACZNE Kurczak z makaronem po chińsku 400 g 5902020746218,,
5900562102059.0,Sokołów Premium Danie gotowe roladki wołowe 360 g,,
5449000000996.0,Coca-Cola Napój gazowany 330 ml,,
5902729028592.0,Orzechy włoskie Haps 30,,
59090090.0,Soplica cytryna-malina Likier 100 ml,,
5063270118894.0,Lipton Yellow Label Herbata czarna 50 g (25 torebek) ,,
59023616.0,Papierosy P&S Parker&Simpson RED,,
5900471022523.0,"SOPLICA PIGWOWA 0,2L 36%",,
2050000824272.0,Spaghetti carbonara 400g,,
5901597385011.0,PORCJA DOBRA  Przekąska daktylowo-orzechowa z karobem 0.03 kg (30g),,
5900512850023.0,Mlekovita Mleko spożywcze Polskie 2% tłuszczu 1l,,
5900500037689.0,Hortex Nektar pomarańczowy 1 L,,
5902020746188.0,Kotlet schabowy Naturalnie smaczne,,
2000000147552.0,Wiejskie Ziemniaczki - masło z solą 130g,,
5900259353276.0,Cheetos Chrupki kukurydziane o smaku ketchupowym 85 g,,
5900259029041.0,Cheetos Chrupki kukurydziane o smaku sera 85 g,,
8711000601327.0,Jacobs Dubai Chocolate Style Rozpuszczalny napój kawowy typ cappuccino 120 g (8 x 15 g) ,,
5903548001995.0,Dobra Kaloria Baton daktylowy solony orzech 35 g,,
5900497049382.0,"Lipton Ice Tea Raspberry Flavour Zero Napój niegazowany 1,5 l ",,
8000500407219.0,Kinder Chocolate Lody mleczne z polewą mleczno-czekoladową 55 ml,,
7613038632421.0,"Nałęczowianka Naturalna woda mineralna niegazowana 0,5 l",,
8936020052557.0,Coconaut Woda kokosowa z młodego kokosa 250ml,,
5901126013897.0,"Lactima Ser topiony w plasterkach z Jalapeño 130 g (8 x 16,25 g)",,
4840342017672.0,"WINO MUSCAT MIGDAL CZERWONE PŁS. 0,75L",,
59097297.0,Wkłady tytoniowe DELIA GOLD do użytku z urządzenia,,
5056784905623.0,Monster Energy Ultra Fantasy Ruby Red Gazowany napój energetyczny 500 ml ,,
5900535020670.0,PIWO LOMZA JASNE PELNE 6% 4X400 ML VAN PUR PUSZ,,
613008763527.0,Arizona Peach Napój herbaciany gazowany 330 ml ,,
5902709615064.0,FORTUNA.  Czarne Piwo (butelka bezzwrotna) 0.5 l (500ml),,
5900014003675.0,Somersby Napój piwny o smaku truskawki i kiwi 400 ml,,
7613287141064.0,NESCAFÉ Classic Kawa rozpuszczalna (50 saszetek) 0.1 kg (100g),,
59945369.0,"Nescafé 3in1 Brown Sugar Rozpuszczalny napój kawowy 16,5 g ",,
5901687910208.0,PIWO KOMES POCZWORNY 10% 500 ml BROWAR FORTUNA BUT ZW,,
59075752.0,Wkłady tytoniowe NEO SUMMER YELLOW CLICK,,
5900130040721.0,Oreo Mini Bites Lody o smaku waniliowym z ciastkami kakaowymi 105 ml (14 sztuk) ,,
5902121029647.0,Koral Lody Chmurka śmiet z cukrem90ml,,
5711953184833.0,Milka Napój mleczny z czekoladą Milka 220 ml ,,
5902367401740.0,NATURAVENA Ciastka owsianki z pestkami słonecznika 175 g 5902367401740,,
5900552093947.0,4Move Vitamin Water Napój niegazowany o smaku cytrusowym 556 ml ,,
5902659891716.0,"Morliny Food Service Parówki do hot doga 0,700 kg ",,
5900490000311.0,Lech Pils Piwo jasne 500 ml,,
5901126000903.0,"Lactima Ser topiony w plasterkach z szynką 130 g (8 x 16,25 g)",,
5900562260759.0,Sokołów - Roladki wołowe wolno gotowane 400gram,,
5900259094704.0,Doritos Nacho Chipsy kukurydziane o smaku serowym 100 g,,
7414040147008.0,Serek wiejski naturalny Piątnica 200g,,
59072317.0,Papierosy LD BLUE,,
5900259128652.0,Lay's Oven Baked Pieczone formowane chipsy ziemniaczane solone 110 g,,
5900130032887.0,LODY KAKTUS 130ml KUBEK CYTR-TRUSKA - NESTLE,,
5900552039075.0,NAPÓJ FRUGO CZERWONE 250 ML,,
5903621222149.0,Papierosy RGD BLUE superslim,,
8412765508905.0,Zapalniczka Clipper CP11,,
4901276169049.0,"NAPÓJ JURAJSKA ICE TEA BRZOSKWINIA 0,5L",,
5902596118006.0,Bubble Bob Mango Joy Napój z czarną herbatą sokiem z mango i pękającymi kuleczkami 330 ml ,,
5000159515481.0,Snickers Lody 91 ml,,
8711327612372.0,Magnum Classic Lody 110 ml,,
5900014230330.0,Seth & Riley's Garage Hardcore Piwo aromatyzowane o smaku cytryny z nutą limonki 400 ml ,,
5900102025220.0,Wawel Croissant nadzienie kakaowe 50 g,,
5903621162124.0,Papierosy L&M LINK BLUE,,
59011583.0,Papierosy KENT BLUE,,
5900130038230.0,Oreo Lody o smaku waniliowym z ciastkami kakaowymi 90 ml,,
5900700121164.0,Zapp Lody o smaku toffi 58 ml,,
59073222.0,Wkłady tytoniowe HEETS kelly selection do elektron,,
8711327368910.0,Magnum Vanilla Caramel Lody 90 ml ,,
5900320009118.0,Paluchy z cebulką Lajkonik 70g,,
5905009025007.0,FRoSTA Złote paluszki rybne 300 g (10 sztuk),,
5908235943558.0,PALUSZKI DJ SOLONE 70 g MW DOBRY WYBOR,,
5900531004308.0,Piątnica Serek wiejski bez laktozy 200 g,,
5905868421668.0,Oshee Wafel z kremem kakaowym oraz nadzienie o smaku biszkoptowym i tiramisu wysokobiałkowy 37 g ,,
5900862218641.0,Winiary Budyń bez dodatku cukru smak czekoladowy 38 g,,
5901005006682.0,Włoszczowa Ser żółty gouda w plastrach 300 g ,,
5905009022709.0,FRoSTA Steki rybne z fileta 250 g (2 sztuki),,
20040239.0,bułka poznańska,,
5902573010392.0,"ŻOŁĄDKOWA GORZKA Z MIĘTĄ 0,09L 28%",,
5900497032971.0,"Pepsi, Pepsi-Cola - 250 ml",,
5900394006556.0,Grześki Wafel przekładany kremem kakaowym 26 g,,
5904170025335.0,Drosed Nuggetsy z piersi kurczaka łagodne 250 g,,
5902121002589.0,LODY KUBEK 180ml SM-TRUSK-CYTR-CZEK - KORAL,,
20000219.0,ogórek luz,,
5900531000102.0,Piątnica Serek wiejski lekki 150 g,,
5901068005639.0,"Polaris Naturalna woda mineralna niegazowana 0,5l",,
5900956100593.0,Herbapol Suplement diety malina 420 ml,,
5903621171423.0,Papierosy L&M LINK FIRST CUT,,
40144733.0,Ice fresh Chłodzące i orzeźwiające cukierki lodowe 50 g,,
5449000108258.0,Sprite Napój gazowany cytrynowo-limonkowy smak 330 ml,,
4014984015802.0,"WINO HESSENSTEIN RIESLING B/W 0,75L",,
5900500028885.0,Hortex Vitaminka Sok jabłko marchew brzoskwinia 1 l,,
59007685.0,Papierosy WINSTON CLASSIC BLUE,,
40144382.0,STORCK Baton Wafel Knoppers 25g,,
4017100759000.0,NicNac's Orzeszki ziemne w chrupiącej panierce 125 g,,
8711327662254.0,Big Milk Big Lody mango & biała czekolada 140 ml ,,
8435185944009.0,Dr Pepper Napój gazowany o smaku owocowym 330 ml,,
4014500501543.0,Jogurt naturalny Zott 180g,,
5900244039338.0,Morliny Boczek w słupkach 130 g ,,
5900497049665.0,Pepsi-Cola Twist Napój gazowany typu cola o smaku cytryny 250 ml ,,
5901330090080.0,Olimp - Chela-Mag B6 Forte Shot ampułka szklana 25 ml wiśniowy,,
5901716990072.0,Krüger Vital Power Suplement diety magnez + B6 smak cytrynowy 2 x 80 g,,
5901330085017.0,OLIMP SPORT  VITA-MIN Multiple Sport kompleks witamin 20 tabletek o smaku cytrusowym 1 szt.,,
5039023138631.0,Haribo Misiowe Parki Żelki owocowe 160 g ,,
5900259118639.0,Doritos Nacho Chipsy kukurydziane o smaku serowym 180 g,,
5900533007086.0,"WINO SUTTER HOME CABERNET SAUVIGNON CZ.WYTR. 0,75L",,
4014500006093.0,Zott Jogobella Jogurt owocowy Classic 150 g,,
5903936013159.0,Anna Zaradna Picnic & Party Tacki do grilla 3 sztuki ,,
54491069.0,Napój gazowany o smaku cytrynowo-limonkowym Sprite 0.5l,,
5902573011542.0,"LUBELSKA CHILL SPRITZ 21% 0,09L",,
5902573011535.0,"LUBELSKA CHILL LYCHEE POP 21% 0,5L",,
5902573010415.0,"ŻOŁĄDKOWA GORZKA Z MIĘTĄ 0,5L 28%",,
8001090729200.0,VIZIR Liquid Tabs Black Kapsułki do prania czarnych tkanin 25 szt. 25.0 szt.,,
3211201116484.0,Wino Beauvillon 1l,,
5902596076238.0,Vega Up Pasztet wegański z pieczonymi warzywami 190 g,,
5900541010306.0,"Żywiec Zdrój Naturals Napój niegazowany z delikatną nutą maliny i cytryny 1,2 l",,
5900437005133.0,Dr. Oetker Guseppe Pizza z szynką i pieczarkami 425 g,,
5996379341859.0,Haribo Dinos Żelki o smaku owocowym 100 g ,,
4014400923599.0,nimm2 Śmiejżelki Sokki Żelki owocowe wzbogacone witaminami słodki sad 90 g,,
59072225.0,Papierosy LD PINK superslim,,
5900259120700.0,Cheetos Chrupki kukurydziane o smaku ketchupowym 120 g ,,
9002490100070.0,Red Bull Napój energetyczny 250 ml,,
5900334017765.0,Nestea Joy Napój owocowo-herbaciany o smaku cytrynowym 330 ml,,
5902860411345.0,"Schweppes Mojito Bezalkoholowy napój gazowany 1,35 l",,
5900497025454.0,"Mirinda Napój gazowany o smaku pomarańczy 0,85 l",,
59027904.0,Nutella Krem do smarowania z orzechami laskowymi i kakao 230 g,,
5900130041360.0,Kaktus Sweet & Sour Lody wodne o smaku brzoskwiniowym i pomarańczowym 45 ml,,
5900497012102.0,"NAPÓJ LIPTON 0,5L MALINOWY",,
87108026.0,Mentos Fruit Cukierki do żucia o smaku owocowym 38 g,,
5903111184766.0,Kajzerka kebab Żabka 137g,,
5000159452663.0,MARS Baton z nugatowym nadzieniem oblany karmelem i czekoladą (5 x 45g) 225 g 5000159452663,,
59090427.0,Pepsi-Cola Napój gazowany o smaku cola 250 ml,,
5900343001939.0,Żubrówka Biała Wódka czysta 1 l,,
5900699109969.0,Żywiec Bezalkoholowy napój piwny lipa & pigwa kwiaty polskie 500 ml,,
5901359204123.0,Captain Jack Piwo z napojem o smaku toniku i cytrusów 400 ml ,,
5901359154688.0,Captain Jack Jack on the Beach Piwo z napojem o smaku pomarańczy cytryny i grenadyny 400 ml,,
8593875610112.0,"Holba Premium Piwo jasne pełne lager 0,5 l",,
5900699102786.0,Żywiec Piwo jasne bezalkoholowe 500 ml,,
20040833.0,muffin,,
5901886032763.0,Smoothie fortuna 215ml,,
5900531009013.0,Piątnica Bio Śmietana 18% 200 g,,
5996379357409.0,Haribo Tropifrutti Żelki owocowe 85 g,,
8006540909348.0,LENOR PLYN DO PLUKANIA 37P 925ML FRESH OCEAN BREEZE&LIME,,
5901359104058.0,Tyskie 0% piwo,,
5900535013986.0,Łomża piwo jasne bezalkoholowe VAN PUR S.A. 500ml,,
5900541011150.0,"Żywiec Zdrój Napój niegazowany brzoskwiniowy smak 1,2 l",,
5900014230309.0,Somersby Light Napój piwny o smaku jagód i cytryny 400 ml ,,
5905279533240.0,BROWAR GRODZISK  Grodziska White IPA Piwo (butelka bezzwrotna) 0.5 l (500ml),,
5905669897594.0,Browar Waszczukowe Dziki napój z puszczy Lemoniada z trawą żubrową 330 ml ,,
5905669019552.0,Fresh Line - Lunch Box Grecki 200g,,
4011800407513.0,CORNY Big baton zbożowy słony karmel 0.04 kg (40g),,
5900259135858.0,Lay's Chipsy ziemniaczane o smaku chutney z mango i czerwonego chilli 130 g ,,
5902573004322.0,"WÓDKA CZYSTA DE LUXE 0,100L 40%",,
5060045581280.0,"DRINK JIM BEAM&COLA 4,5 % 330 ml STOCK PUSZ",,
20040574.0,bułka hot dog,,
4014500018683.0,ZOTT GALARETKA TRUSKAWKA 175g/12,,
5900983012753.0,Delecta Galaretka smak pomarańczowy 70 g,,
4751027951139.0,Red Delight Czekolada mleczna z orzechami laskowymi i orzechami makadamia 26 g,,
5900820016289.0,Łaciate Mleko UHT o smaku waniliowym 200 ml,,
5900014014671.0,Carlsberg Premium Pilsner Piwo jasne 4 x 500 ml,,
8006220110774.0,Mionetto Prosecco DOC Treviso Brut Wino białe wytrawne musujące włoskie 200 ml,,
20731373.0,"PIWO ŻYWIEC BIAŁE 0,5L BUT. ZW.",,
5900259087430.0,Star Chrupki o smaku pomidor z serem 125 g,,
5903621232407.0,"Tytoń papierosowy CHESTERFIELD 30g Red 18,99",,
5900398020213.0,"EXTRA ŻYTNIA ORZECH LASKOWY 0,1L 32%",,
5900512982182.0,Mlekovita Ser topiony z papryką kostka 100g,,
5902573008269.0,"Wódka Żoł.Gorz.0,2L",,
5902078003806.0,Cisowianka Perlage Naturalna woda mineralna musująca niskosodowa 700 ml,,
5901359144634.0,Lech Free Piwo bezalkoholowe o smaku arbuza i mięty 4 x 500 ml,,
5900497044325.0,"Lipton Ice Tea Lemon Napój niegazowany 0,85 l",,
5900497043144.0,Lipton Ice Tea Lemon Napój niegazowany 330 ml,,
5900259138446.0,Lay's Bugles Przekąski kukurydziane o smaku serowym 75 g ,,
5901067410014.0,WODA KUBUS WATERRR MANGO PAPAJA 500ML N/GAZ PET,,
5901359062013.0,Tyskie Gronie 500ml,,
5900194000075.0,Prima Finezja Kawa mielona 100 g,,
3018333009567.0,e.Champ.Piper-Heid.Rose S. Vol. 12%,,
2906748000000.0,MIĘSO Z UDA KURCZAKA bez kości i skóry 1 szt. 2906748000000,,
5000159557771.0,"Bounty Czekolada mleczna z nadzieniem z miękkiego kokosa 57 g (2 x 28,5 g)",,
5901939103105.0,Piątnica Skyr jogurt pitny typu islandzkiego naturalny 330 g,,
5901939103099.0,Piątnica Skyr jogurt pitny typu islandzkiego jagoda 330 ml,,
5903148944999.0,Karta aromatyzująca HIPZZ menthol,,
20030070.0,Tele tydzień  (czasopismo),,
5908296800364.0,DZIKI TROP  Świeży udziec z jelenia bez kości 0.5 kg (500g),,
5900699108887.0,Żywiec Bezalkoholowy napój piwny miętaż & nuta bergamotki 500 ml,,
5902180020104.0,Sonko Ryż biały 400 g (4 x 100 g),,
5902838991343.0,MIŁOSŁAW  Makłowicz Arcy IPA Piwo (butelka bezzwrotna) 0.5 l (500ml),,
8594404005829.0,Pilsner Urquell Piwo jasne 500 ml,,
5902838990544.0,"PIWO FORTUNA CZARNE WHISKY WOOD 7,5 % 500 ml BUT ZW",,
5901559953500.0,"PIWO ŻYWIEC MARCOWE 0,5 butelka",,
5900699102670.0,Heineken 0% piwo,,
5900699100782.0,"PIWO ŻYWIEC 0% 0,5L BUT. ZW.",,
5000112654455.0,Fanta Napój gazowany o smaku pomarańczowym 500 ml,,
5902978020866.0,Wadowice Skawa Korsarze Draże kokos white 70 g,,
5900352015804.0,"Hellena Oranżada biała 1,25 l",,
5900627117721.0,Durex Intense Regular Fit Prezerwatywy 20 sztuk ,,
5900699108757.0,"Zywiec Apa CAN 0,50 4 Pack",,
5901359014364.0,Lech premium 0.65l,,
5900344016550.0,Salato Sałatka jarzynowa 250 g,,
7613038520193.0,Nałęczowianka Naturalna woda mineralna niegazowana 1 l,,
5901784165839.0,Berlinki Classic Kabanosy Kiełbasa 85 g,,
5902596118303.0,Alo Alo Original Napój aloesowy z sokiem winogronowym 500 ml,,
40144245.0,Storck Knoppers black and white 25g.,,
8712100868306.0,Knorr Gorący Kubek Serowa z grzankami 22 g,,
59089469.0,DANIO Serek homogenizowany z kawałkami czekolady 200 g 0000059089469,,
5900531000300.0,Piątnica Twarożek 150 g,,
20040291.0,bułka z ziarnami,,
5900465173033.0,Bobini szamp+pł.kap.malina 400ml,,
5901359000176.0,"Tyskie Piwo jasne 2 l (4 x 0,5 l)",,
5901067471015.0,KUBUŚ Play! Napój marchewka czereśnia jabłko limetka,,
5902448164991.0,BIO PLANET  Jaja kurze z chowu ekologicznego (rozmiar M) - 6 szt. BIO 1 szt.,,
2050000726002.0,Pizza wrap,,
5900488343727.0,Szybki Lopez - Burrito z kurczakiem  280g,,
5900497043366.0,"Lipton Ice Tea Peach Napój niegazowany 1,5 l",,
5900014002173.0,"PIWO CARLSBERG 0,5L but.bezzw.",,
5903082101519.0,Kasztelan Piwo jasne pełne 500 ml,,
4745010483011.0,Cukierki Crunch Punch Freeze Dried Candy Crunchy 200g,,
59090434.0,Pepsi-Cola Zero cukru Napój gazowany o smaku cola 250 ml,,
5903621211686.0,Papierosy L&M FIRST CUT BLUE 100s,,
5905909091966.0,Wkłady Aroma King Smart o stężeniu nikotyny 20 mg,,
5907799011222.0,Chiken nuggets,,
8413178268349.0,Vidal Creepy Jelly Żelki 11 g ,,
8426617001445.0,Haribo Balla Stixx Żelki o smaku malinowym 80 g ,,
5908260257996.0,Oshee Vitamin Lemonade Napój niegazowany cytryna-sosna 555 ml,,
3245678691427.0,Cosmia - Chusteczki nawilżane 64sztuki,,
20040802.0,pączek,,
5901486003248.0,Chleb 3 ziarna 500 g,,
5902054011627.0,INTER EUROPOL  Rogal wieloziarnisty 0.11 kg (110g),,
59073741.0,Wkłady tytoniowe TEREA BRIZA PEARL do użytku z urz,,
8000430680256.0,GALBANI  Szynka prosciutto crudo 0.07 kg (70g),,
5901753000628.0,Sierpc Ser królewski plastry 135 g,,
5902899101637.0,Almette Puszysty serek twarogowy śmietankowy 150 g,,
59094388.0,Danio Serek z kawałkami czekolady 120 g,,
5909991102326.0,Ibuprom Sprint 200 mg Kapsułki miękkie 10 sztuk,,
5900334021106.0,Iso Blaster Pure Hydrate – Tiger – 750 ml,,
5903938530562.0,Sour Patch Kids,,
5904737000409.0,FRUCIAKI DRAZETKI O SMAKU MIETOWYM 16g - BAKOMA dystr.,,
4014500521145.0,Zott Napój o smaku waniliowym 500 ml  ,,
5902176738976.0,"Napój Dzik Tropic Energy - WK DZIK - 500ml 0,5L",,
5901384503765.0,OYAKATA Chicken Ramen Zupa instant 83 g,,
4820182742927.0,Flint - Sucharki o smaku sera 70g,,
5900196004026.0,DROBIMEX Szynka delikatesowa z kurcząt 100g,,
5996379357348.0,Haribo Złote Misie Żelki owocowe 175 g,,
4014400917062.0,nimm2 Śmiejżelki Sokki Żelki owocowe wzbogacone witaminami 90 g,,
5449000122421.0,Kinley Pink Aromatic Berry Napój gazowany 500 ml,,
5902573009365.0,LUBELSKA  Cytrynówka 0.5 l (500ml),,
9002490212063.0,Red Bull Napój energetyczny 473 ml,,
5902121022501.0,Rożek śmietankowy z wiśniami i sosem wiśniowym Bracia Koral 110g,,
5903240024100.0,Lufki szklane 100 sztuk ,,
3086123341852.0,BiC Megalighter Zapalniczka uniwersalna ,,
59063858.0,Papierosy ROTHMANS RED,,
5902121001780.0,Koral Solo Mix( Pom Trusk Trop)105ml,,
46217943.0,NESTLÉ LION 2GO Baton z czekoladą,,
7613031006267.0,NESTLÉ LION Baton White,,
7638900437539.0,"Energizer Max Plus AAA-LR03 1,5 V Baterie alkaliczne 10 sztuk ",,
5903621881926.0,RGD BRIGHT SSL ,,
59090144.0,Soplica morelowa Likier 100 ml,,
50173204.0,Orbit Peppermint Bezcukrowa guma do żucia 14 g (10 sztuk),,
2050000642852.0,Kebab rollo 280g,,
5902121023911.0,Bracia Koral - Lody czekoladowe z czekoladą belgijską 900ml,,
5900014014534.0,Žatecký Světlý Ležák Piwo jasne pełne 4 x 500 ml,,
5900571100909.0,Felix Orzeszki długo prażone extra chrupkie z solą 140 g,,
5901359194653.0,Lech Piwo z napojem o smaku limonki i mięty 500 ml ,,
5901359144818.0,Lech Free Piwo bezalkoholowe o smaku jeżyny i wiśni 500 ml ,,
5900259018519.0,Chipsy fromage Lay's,,
8992741906937.0,Gummi Zone Candy Pizza 21 g,,
5000159376655.0,Skittles Fruits Cukierki do żucia 38 g,,
4003084667165.0,TROLLI Big Burger Żelki o smaku owocowym 50 g 4003084667165,,
5900541011099.0,"Żywiec Zdrój Napój niegazowany cytrynowy smak 1,2 l",,
8584004041976.0,Góralki Wafelek Peanut Butter 50g,,
5998749145173.0,Pedigree Junior Sucha karma dla szczeniąt z drobiem i warzywami 500 g ,,
8714100666838.0,Knorr Nudle Zupa danie ser w ziołach 61 g,,
5905689310974.0,NAPÓJ ENERGETYCZNY X Energy Drink Classic Puszka 250ml DRINK ID,,
5902921301448.0,KARMA DLA PSA RAFI Z WOŁOWINĄ 400G,,
8716976012153.0,marletto brazylijska karabelowa latte 400g,,
8412600038727.0,Takis Intense Nacho Tortilla Chips 100 g,,
5908230535994.0,Tarczyński Protein Kabanosy z kurczaka 80 g ,,
5901067405935.0,DR WITT Vitamin Water Napój o smaku grejpfruta i aloesu 0.55 l (550ml),,
5900783000424.0,Pudliszki Ketchup łagodny 480 g,,
5900197031465.0,Bakoma Skyr Jogurt typu islandzkiego malina-truskawka 150 g,,
7622210309990.0,Prince Polo XXL Mleczne Kruchy wafelek z kremem kakaowym oblany czekoladą mleczną 50 g,,
20000479.0,awokado luz,,
5902020669371.0,ChaiMate Orange Gazowany napój z naturalnym ekstraktem herbaty 330 ml ,,
5908221106851.0,Popcorn solony 60 g ,,
5900379140206.0,Mama i ja Mini Woda źródlana niegazowana 350 ml ,,
5901594000016.0,Bosman Szczeciński Full Piwo jasne 500 ml,,
5901948002024.0,Putka - Chleb zwykły 500g,,
5903111025366.0,Lucky Fish Kimbap sushi w kanapce z łososiem 120 g,,
5900049822708.0,Lubella Owsianka z bananami kakao 100 g,,
6408432203398.0,Valio Profeel Mus z wysoką zawartością białka o smaku czekoladowym 150 g,,
59063711.0,Papierosy VOGUE BLEUE superslim,,
5900014005709.0,Zagłoba Piwo jasne pełne 500 ml ,,
5900567021980.0,Krakus Szynka eksportowa wieprzowa 100 g,,
1230000131070.0,Nerds Gummy Clusters Berries 45g,,
8606018616091.0,Oreo Lody o smaku waniliowym z ciastkami kakaowymi 100 ml,,
5900259130839.0,Cheetos Chrupki kukurydziane o smaku pizzy 85 g,,
4334035018942.0,"Wino Char. 0,75l ",,
7622210811783.0,Nussbeisser Czekolada mleczna z całymi orzechami laskowymi 220 g,,
5901687910505.0,"Cydr Miłosławski w butelce zwrotnej 0,5L",,
5904917980057.0,Orzeszki ziemne prażone smak ostra papryka Top 240 g,,
7613036970990.0,NesVita Owsianka malinowa 45 g,,
5901559953074.0,Żywiec Premium Piwo jasne 8 x 500 ml,,
5900820012229.0,"Łaciate Mleko świeże 3,2 % 1 l",,
5902573011405.0,"ŻOŁĄDKOWA GORZKA 0,20L 32%",,
5901359074290.0,Kozel Černý Piwo ciemne 500 ml,,
5903621012351.0,Papierosy MARLBORO RED SOFT,,
7622201050757.0,MILKA Czekolada Caramel 100 g 7622201050757,,
5902841432284.0,KUBKI PAPIEROWE BIO 400 ml 6 szt. VIGO! QUICKPACK,,
5903621262251.0,Papierosy CHESTERFIELD LINEA BLUE,,
5449000054531.0,Fanta Napój gazowany o smaku pomarańczowym 330 ml,,
5902802761521.0,Świeże jaja z chowu klatkowego M 10 sztuk,,
20000110.0,ziemniak luz,,
5900535017281.0,Łomża Pils butelka 0.5,,
5903870006170.0,Namysłów Pils Piwo jasne 4 x 500 ml,,
59063759.0,Papierosy LUCKY STRIKE RED 22',,
8001514001837.0,"WINO PROSECCO V8+EXTRA DRY 0,75L",,
5908260254872.0,"Gazowany napój energetyczny o smaku jagód acai-goji z dodatkiem witamin, kofeiny, tauryny, kombuchy. Oshee 250ml",,
87311396.0,"Mentos Rainbow Cukierki do żucia o smaku owocowym 37,5 g",,
8711327331075.0,Lody z wanilią z Madagaskaru w białej czekoladzie (28%) z migdałami (5%) Magnum 73g(100ml),,
5900334017536.0,Sok 100% Pomarańcza Cytryna Tymbark 1l,,
5901067403467.0,Kubuś 100% Sok pomarańcza jabłko 300 ml,,
4030600179031.0,Papierosy P&S Parker&Simpson BLUE,,
5900446016656.0,"WODA LAZUR ZRODLANA NGAZ 0,5L PET",,
5901067401043.0,"NAPÓJ KUBUŚ WATERRR CYTRYNA 1,5L",,
5900471022790.0,"SOPLICA WIŚNIOWA POLSKA 0,2L 36%",,
8000920400487.0,Algida Twister Green 80ml,,
5903082111693.0,Kasztelan Piwo jasne miodowe 500 ml ,,
50173167.0,Airwaves Menthol & Eucalyptus Bezcukrowa guma do żucia 14 g (10 sztuk),,
5053990182947.0,Pringles Chrupki o smaku steków z grilla 165 g ,,
59073536.0,Wkłady tytoniowe TEREA GREEN do użytku z urządzeni,,
4008211006183.0,Lody Kaktus Sandwich 160 ml,,
5900497030236.0,Mirinda Napój gazowany o smaku pomarańczy 330 ml,,
59046820.0,Maślanka Polska naturalna,,
7613287469946.0,Bobo Frut - Deserek jabłko morela marchew po 6 miesiącu bez dodatku cukru 90g,,
5902991111893.0,ZAPIEKANKA Z KURCZAKIEM 220g -MROZONE - GREEN FOX,,
5904341989060.0,Chleb Baltonowski krojony Piekarnia &quot;Pod Rogalem&quot; 500g,,
5900334027979.0,Tymbark Gazzzowany Gazowany napój jabłko jagoda 500 ml ,,
5902461016857.0,Morliny Stripsy z kurczaka 300 g ,,
5902121016289.0,LODY KUBEK 150ml TOP GUM - KORAL,,
5900699000549.0,Specjal Jasny pełny Piwo jasne 500 ml,,
5903621130857.0,Papierosy MARLBORO GOLD SOFT,,
5903621251132.0,Marlboro Gold KS MARLBORO GOLD KS,,
8588005524049.0,ALASKA  Rurki kukurydziane nadziewane mlecznym kremem - bezglutenowe 0.02 kg (20g),,
5905689311278.0,Classic Gazowany napój energetyzujący 250 ml,,
5901588401942.0,E. Wedel Czekolada mleczna jagodowa 100 g ,,
80920779.0,"Chupa Chups Guma balonowa smak tutti frutti 27,6 g (6 sztuk)",,
8711300999896.0,Captain Morgan Rum biały z dodatkiem limonki mojito 250 ml,,
80310891.0,Kinder Joy Chrupiące wafelki posypane kakao w kremie z niespodzianką 20 g,,
5900699110255.0,Warka Strong Piwo jasne z nutą wiśni 500 ml ,,
59020172.0,Papierosy CAMEL YELLOW soft,,
20010416.0,arbuz luz,,
5901086049318.0,"Teekanne World Special Teas Herbata zielona o smaku jaśminowym 35 g (20 x 1,75 g)",,
5201360532506.0,7 Days Doub!e Super Max Rogalik z nadzieniem o smaku waniliowym i wiśniowym 110 g,,
5900552073550.0,NAPOJ 4 MOVE IZOTONIK MANGO 750ML PET,,
4009900510813.0,Skittles Fruits Cukierki do żucia 95 g,,
5900643051023.0,Danone YoPro Jogurt smak waniliowy 160 g,,
5907471412590.0,WAFLE DR GERARD PRYNCYPALKI MOTTO 170G,,
5900334012784.0,SOK TYMBARK 1L GRAPEFRUIT BIAŁY,,
5907778539006.0,SOK 100% CZERWONY GREJPFRUT 210ml - GRZESKOWIAK,,
3564700432556.0,WIODĄCA MARKA Fleur Caramel Ciasteczka z mleczną czekoladą i nadzieniem karmelowym 100 g 3564700432556,,
5907604332078.0,Super Glue Klej 2 g,,
5906554509011.0,Super Glue Klej 2 g,,
8710438126235.0,"McCain Our Original Choice Trójkąty uformowane z grubo tartych ziemniaków dodatkiem przypraw 2,5 kg ",,
8714100666883.0,Knorr Nudle Zupa danie pomidorowe łagodne 65 g,,
5900334019578.0,Nestea Peach 0.5l,,
5907509884061.0,Golden Filter Gilzy papierosowe 550 sztuk ,,
9002490285890.0,Red Bull Napój energetyczny 250 ml ,,
5903621130383.0,Papierosy MARLBORO SELECTO BLUE,,
5900541000376.0,Żywiec Zdrój z Nutą. Napój niegazowany o smaku truskawkowym. 1500ml,,
5900471025272.0,"SOPLICA ŚLIWKOWA 0,5L 32%",,
5900259130853.0,Star Maczugi Chrupki kukurydziane o smaku pizzy 80 g,,
5900334021564.0,NAPOJ ENERGETYCZNY TIGER CLASSIC LOW CAFFEINE 250ML PUSZKA,,
5902093000101.0,Królewskie Piwo jasne pełne 500 ml,,
5901359194769.0,Lech Piwo z napojem o smaku wiśni i śliwki 500 ml ,,
5900014003989.0,Seth & Riley's Garage Mix piwa i napoju o smaku mojito 400 ml ,,
5900552090472.0,Black Energy Strong Lemon Gazowany napój energetyzujący 250 ml ,,
5902078004803.0,Cisowianka Perlage Naturalna woda mineralna musująca niskosodowa 330 ml,,
5902573009808.0,"LUBELSKA CYTRYNÓWKA Z MALINĄ 28% 0,2L",,
5900699111252.0,Żywiec Piwo pszeniczne białe z nutą wiśni 500 ml ,,
5902078000218.0,Cisowianka Naturalna woda mineralna niskosodowa niegazowana 330 ml,,
4260629552090.0,FRITZ Limo Lemoniada gazowana cytrynowa 0.33 l (330ml),,
5905187000186.0,Monster Munch Original Chrupki ziemniaczane 20 g,,
8591119001573.0,BoboVita Brzoskwinie jabłka banany i kiwi po 6 miesiącu 190 g,,
5908260254186.0,Oshee HydroBoost Napój izotoniczny niegazowany smak soczysta cytryna 555 ml,,
5900512320359.0,Mlekovita - Wypasione Mleko UHT 3.2% 1L,,
5905927061514.0,"PIWO PERŁA CHMIELOWA 0,5L (5+1) puszka",,
7622210310002.0,Prince Polo XXL Kruchy wafelek z kremem smak orzechowy 50 g,,
8711327480537.0,Magnum Double Gold Caramel Billionaire Lody 85 ml,,
5900951025808.0,"Milky Way baton 21,5g",,
5900541007283.0,Żywiec Zdrój Sparkles. Napój gazowany o smaku mięty. 330ml,,
87108019.0,Mentos Mint Cukierki do żucia 38 g,,
8690526733104.0,Dare Baton z orzeszkami ziemnymi karmelem nugatem pokryty mleczną czekoladą 36 g ,,
5900334008213.0,Tiger Zero Gazowany napój energetyzujący bez cukru 250 ml,,
5901414204693.0,Leibniz Original Herbatniki maślane 100 g,,
5901268004432.0,Kinga Pienińska - Woda mineralna niegazowana 6x1.5l,,
5900497021722.0,"NAPÓJ PEPSI 0,6L",,
5908264445030.0,"Niceplace - Zapałki długie 7,5 cm, 15 sztuk opakowanie",,
3250390576662.0,Sok grejpfrutowy 1 l,,
9002975378895.0,Haribo Żelki owocowe 160 g,,
5000112651669.0,"Fanta Napój gazowany o smaku pomarańczowym 1,5 l",,
59072782.0,Tytoń papierosowy WINSTON RED,,
5900014003019.0,Žatecký Světlý Ležák Piwo jasne pełne 500 ml,,
5900552059967.0,4move vitamin water magnez + witaminy. 556ml,,
8445291424692.0,Lion Kakaowy wafel z nadzieniem o smaku brownie 150 g (5 x 30 g) ,,
8410031918700.0,Chupa Chups Lizaki wielosmakowe 2400 g (200 sztuk),,
5900353701539.0,Zozole Hello Żelo Żelki o smaku arbuza 75 g,,
5903548012045.0,Kulki Oswaiane z Czekoladą,,
4030600183182.0,Papierosy P&S Parker&Simpson BLUE superslim,,
5907701807875.0,JBB Bałdyga Kiełbasa bez osłonki 330 g ,,
5902573007811.0,"WÓDKA ŻUBR STRONG 37,5% 0,2L",,
5901126012982.0,Lactima Ser topiony z szynką 100 g,,
5900862212489.0,Winiary Majonez Dekoracyjny 250 ml,,
5907778534841.0,GRZEŚKOWIAK Pierogi ruskie ze smażoną cebulką 320 g 5907778534841,,
